Antecedent_decoded,Consequent_decoded,Support,Confidence,Lift
"('American (New)', 'Burgers')","('American (Traditional)',)",0.012244130340103734,0.4583178955168581,1.870372449033654
"('American (New)', 'Breakfast & Brunch')","('American (Traditional)',)",0.012135249633764897,0.42072752230610844,1.7169680127460625
"('American (New)', 'Pizza')","('American (Traditional)',)",0.013233954943184068,0.4193851944792974,1.7114900399036377
"('American (New)', 'Italian')","('American (Traditional)',)",0.012699449657520687,0.4066561014263074,1.6595432466835105
"('American (New)', 'Mexican')","('American (Traditional)',)",0.013629884784416202,0.40655447298494246,1.6591285060883327
